{
    "video_1": [
        0.9401541948318481
    ],
    "video_10": [
        0.9815526008605957
    ],
    "video_11": [
        0.8799296617507935
    ],
    "video_12": [
        0.8249127864837646
    ],
    "video_13": [
        0.937255322933197
    ],
    "video_14": [
        0.9623229146003723
    ],
    "video_15": [
        0.9566538333892822
    ],
    "video_17": [
        0.9636144638061523
    ],
    "video_18": [
        0.8966379165649414
    ],
    "video_19": [
        0.8891927003860474
    ],
    "video_2": [
        0.9548419713973999
    ],
    "video_20": [
        0.9482991695404053
    ],
    "video_22": [
        0.9606180191040039
    ],
    "video_23": [
        0.9436898827552795
    ],
    "video_24": [
        0.8996940851211548
    ],
    "video_3": [
        0.9383970499038696
    ],
    "video_5": [
        0.9567738771438599
    ],
    "video_6": [
        0.9574469327926636
    ],
    "video_7": [
        0.975130844116211
    ],
    "video_8": [
        0.8527840375900269
    ]
}