{"video_16": [1.0, 1.0, 1.0, 1.0, 1.0, 1.0, 1.0, 1.0, 1.0, 1.0, 1.0, 1.0, 1.0, 1.0, 1.0, 1.0, 1.0, 1.0, 1.0, 1.0, 1.0, 1.0, 1.0, 1.0, 1.0, 1.0, 1.0, 1.0, 1.0, 1.0, 1.0, 1.0, 1.0, 1.0, 1.0, 1.0, 1.0, 1.0, 1.0, 1.0, 1.0, 1.0, 1.0, 1.0, 1.0, 1.0, 1.0, 1.0, 1.0, 1.0, 1.0, 1.0, 1.0, 1.0, 1.0, 1.0, 1.0, 1.0, 1.0, 1.0, 1.0, 1.0, 1.0, 1.0, 1.0, 1.0, 1.0, 1.0, 1.0, 1.0, 1.0, 1.0, 1.0, 1.0, 1.0, 1.0, 1.0, 1.0, 1.0, 1.0, 1.0, 1.0, 1.0, 1.0, 1.0, 1.0, 1.0, 1.0, 1.0, 1.0, 1.0, 1.0, 1.0, 1.0, 1.0, 1.0, 1.0, 1.0, 1.0, 1.0, 1.0, 1.0, 1.0, 1.0, 1.0, 1.0, 1.0, 1.0, 1.0, 1.0, 1.0, 1.0, 1.0, 1.0, 1.0, 1.0, 1.0, 1.0, 1.0, 1.0, 1.0, 1.0, 1.0, 1.0, 1.0, 1.0, 1.0, 1.0, 1.0, 1.0, 1.0, 1.0, 1.0, 1.0, 1.0, 1.0, 1.0, 1.0, 1.0, 1.0, 1.0, 1.0, 1.0, 1.0, 1.0, 1.0, 1.0, 1.0, 1.0, 1.0, 1.0, 1.0, 1.0, 1.0, 1.0, 1.0, 1.0, 1.0, 1.0, 1.0, 1.0, 1.0, 1.0, 1.0, 1.0, 1.0, 1.0, 1.0, 1.0, 1.0, 1.0, 1.0, 1.0, 1.0, 1.0, 1.0, 1.0, 1.0, 1.0, 1.0, 0.9999997615814209, 0.9999997615814209, 0.9999996423721313, 0.9999986886978149, 0.9999985694885254, 0.9999996423721313, 0.9999995231628418, 0.9999991655349731, 0.9999991655349731, 0.9999991655349731, 0.9999992847442627, 0.9999991655349731, 0.9999997615814209, 0.9999998807907104, 0.9999996423721313, 0.9999996423721313, 0.999998927116394, 0.9999996423721313, 0.9999983310699463, 0.9999992847442627, 0.9999990463256836, 0.9999997615814209, 0.9999995231628418, 0.9999998807907104, 1.0], "video_21": [0.9999891519546509, 0.999976396560669, 0.9999861717224121, 0.9999924898147583, 0.9999943971633911, 0.9999881982803345, 0.9999885559082031, 0.9999963045120239, 0.9999756813049316, 0.9999935626983643, 0.9999794960021973, 0.9999563694000244, 0.9999148845672607, 0.9999978542327881, 0.999998927116394, 0.9999967813491821, 0.9999986886978149, 0.9999926090240479, 0.9999896287918091, 0.9999977350234985, 0.9999964237213135, 0.999995231628418, 0.9999990463256836, 0.9999995231628418, 0.9999996423721313, 0.9999995231628418, 0.9999947547912598, 0.9999990463256836, 0.9999969005584717, 0.9999949932098389, 0.9999955892562866, 0.9999973773956299, 0.9999948740005493, 0.9999966621398926, 0.999996542930603, 0.9999954700469971, 0.9999959468841553, 0.9999973773956299, 0.9999971389770508, 0.9999980926513672, 0.9999974966049194, 0.9999988079071045, 0.999998927116394, 0.9999996423721313, 0.9999997615814209, 0.9999995231628418, 0.9999997615814209, 0.9999996423721313, 0.9999995231628418, 0.9999995231628418, 0.9999995231628418, 0.9999996423721313, 0.9999994039535522, 0.9999992847442627, 0.9999990463256836, 0.9999977350234985, 0.9999991655349731, 0.9999995231628418, 0.9999996423721313, 0.9999996423721313, 0.9999985694885254, 0.9999990463256836, 0.9999990463256836, 0.9999991655349731, 0.9999997615814209, 0.9999991655349731, 0.9999994039535522, 0.9999995231628418, 0.9999996423721313, 0.9999994039535522, 0.9999992847442627, 0.9999997615814209, 0.9999992847442627, 0.9999990463256836, 0.9999998807907104, 0.9999994039535522, 0.9999996423721313, 0.9999995231628418, 0.9999982118606567, 0.999998927116394, 0.9999982118606567, 0.9999982118606567, 0.9999974966049194, 0.9999971389770508, 0.9999979734420776, 0.9999977350234985, 0.9999972581863403, 0.9999985694885254, 0.999998927116394, 0.9999992847442627, 0.9999982118606567, 0.9999982118606567, 0.9999995231628418, 0.9999996423721313, 0.9999994039535522, 0.9999991655349731, 0.9999994039535522, 0.9999994039535522, 0.9999983310699463, 0.9999997615814209, 0.9999992847442627, 0.9999994039535522, 0.9999963045120239, 0.9999995231628418, 0.9999996423721313, 0.9999978542327881, 0.999997615814209, 0.999996542930603, 0.9999958276748657, 0.9999972581863403, 0.9999947547912598, 0.9999967813491821, 0.9999971389770508, 0.999995231628418, 0.9999974966049194, 0.9999990463256836, 0.9999978542327881, 0.9999979734420776, 0.9999973773956299, 0.999997615814209, 0.9999986886978149, 0.9999994039535522, 0.9999996423721313, 0.9999992847442627, 0.9999985694885254, 0.9999978542327881, 0.9999983310699463, 0.9999983310699463, 0.9999980926513672, 0.9999986886978149, 0.9999992847442627, 0.9999986886978149, 0.9999995231628418, 0.9999990463256836, 0.999996542930603, 0.9999991655349731, 0.9999988079071045, 0.999998927116394, 0.9999984502792358, 0.9999978542327881, 0.999998927116394, 0.9999995231628418, 0.9999992847442627, 0.9999992847442627, 0.9999994039535522, 0.9999995231628418, 0.9999995231628418, 0.9999997615814209, 0.9999995231628418, 0.9999998807907104, 0.9999997615814209, 0.9999996423721313, 0.9999998807907104, 0.9999998807907104, 0.9999997615814209, 0.9999998807907104, 0.9999998807907104, 0.9999997615814209, 0.9999996423721313, 0.9999998807907104, 0.9999997615814209, 0.9999998807907104, 0.9999997615814209, 0.9999992847442627, 0.9999992847442627, 0.9999995231628418, 0.9999994039535522, 0.9999994039535522, 0.9999992847442627, 0.9999983310699463, 0.9999988079071045, 0.9999980926513672, 0.9999991655349731, 0.9999990463256836, 0.9999995231628418, 0.9999990463256836, 0.9999994039535522, 0.9999995231628418, 0.9999998807907104, 0.9999996423721313, 0.9999988079071045, 0.9999983310699463, 0.9999985694885254, 0.9999998807907104, 0.9999998807907104, 0.9999998807907104, 0.9999998807907104, 0.9999998807907104, 0.9999998807907104, 0.9999997615814209, 0.9999996423721313, 0.9999997615814209, 0.9999996423721313, 0.9999995231628418, 0.9999992847442627, 0.9999991655349731, 0.9999991655349731, 0.999997615814209, 0.9999984502792358, 0.9999980926513672, 0.9999997615814209, 0.9999998807907104, 0.9999997615814209, 0.9999998807907104, 0.9999998807907104, 0.9999998807907104, 0.9999991655349731, 0.9999985694885254, 0.9999996423721313, 0.9999991655349731, 0.9999996423721313, 0.9999994039535522, 0.9999997615814209, 0.9999997615814209, 0.9999997615814209, 0.9999995231628418, 0.9999994039535522, 0.9999995231628418, 0.9999996423721313, 0.9999997615814209, 1.0, 1.0, 0.9999997615814209, 0.9999991655349731, 0.9999997615814209, 0.9999995231628418, 0.9999977350234985, 0.9999991655349731, 0.9999996423721313, 0.9999970197677612, 0.999998927116394, 0.9999986886978149, 0.9999986886978149, 0.9999966621398926, 0.9999988079071045, 0.9999991655349731, 0.9999996423721313, 0.9999985694885254, 0.9999994039535522, 0.9999990463256836, 0.9999994039535522, 0.9999994039535522, 0.9999992847442627, 0.9999996423721313, 0.9999994039535522, 0.9999988079071045, 0.9999984502792358, 0.999998927116394, 0.9999998807907104, 0.9999995231628418, 0.9999996423721313, 0.9999998807907104, 0.9999998807907104, 0.9999997615814209, 1.0, 0.9999998807907104, 0.9999998807907104, 0.9999998807907104, 0.9999998807907104, 0.9999994039535522, 0.9999997615814209, 0.9999997615814209, 0.9999995231628418, 0.9999995231628418, 0.9999995231628418, 0.9999992847442627, 0.9999996423721313, 0.9999990463256836, 0.9999998807907104, 0.9999996423721313, 0.9999996423721313, 0.9999997615814209, 0.9999998807907104, 0.9999998807907104, 0.9999998807907104, 0.9999998807907104, 0.9999998807907104, 0.9999995231628418, 0.9999997615814209, 0.9999998807907104, 0.9999992847442627, 0.9999997615814209, 0.9999995231628418, 0.9999990463256836, 0.9999979734420776, 0.9999986886978149, 0.9999988079071045, 0.9999996423721313, 0.9999990463256836, 0.9999996423721313, 0.9999998807907104, 0.9999998807907104, 0.9999998807907104, 0.9999998807907104, 0.9999995231628418, 0.9999998807907104, 0.9999996423721313, 0.999998927116394, 0.9999992847442627, 0.9999992847442627, 0.9999997615814209, 0.9999997615814209, 0.9999996423721313, 0.9999992847442627, 0.9999992847442627, 0.9999995231628418, 0.9999992847442627, 0.9999997615814209, 0.9999994039535522, 0.9999996423721313, 0.9999996423721313, 0.9999997615814209, 1.0, 0.9999998807907104, 0.9999998807907104, 0.9999995231628418, 0.9999995231628418, 0.9999990463256836, 0.9999994039535522, 0.9999997615814209, 0.9999994039535522, 0.9999992847442627, 0.999998927116394, 0.9999991655349731, 0.9999995231628418, 0.9999995231628418, 0.9999996423721313, 0.9999996423721313, 0.9999996423721313, 0.9999991655349731, 0.9999997615814209, 0.9999992847442627, 0.9999991655349731, 